﻿status	interruptions	dateStart	dateFirstAccess	dateCompleted	completionTime	iteration	userID	userSurveyID	userIsActive	orgNodeID	orgNodeLabel	feedback
Completed	0	"2021-07-08 12:37:51"		"2021-07-08 12:37:51"		1	1056	1675	1	100	Switzerland	
Completed	0	"2021-07-05 12:47:55"		"2021-07-05 12:47:55"		1	1072	1644	1	200	Germany	
Completed	0	"2021-06-28 18:07:19"		"2021-06-28 18:07:19"		1	1003	1584	1	110	Management	
Completed	0	"2021-06-23 12:38:12"		"2021-06-23 12:38:12"		1	1105	1516	1	300	Austria	
Completed	0	"2021-06-15 08:18:24"		"2021-06-15 08:18:24"		1	1118	1462	1	300	Austria	
